Gene_A	Gene_B	Co_Occurrence_Count	P_Value	Log2OR	P_Adj
CDKN2A	LINC01239	2	0.002977667493796526	10.0	0.002977667493796526
