Gene_B	Co_Occurrence_Count	P_Value	Odds_Ratio	Log2OR
TP53	1103	3.405225536157002e-47	9.848214285714286	3.2998621535337787
SMAD3	27	0.024246283337795552	inf	inf
