Gene_A	Gene_B	Co_Occurrence_Count	P_Value	Log2OR	P_Adj
CDKN2Ap14ARF	CDKN2Ap16INK4A	2	0.00012112403100775192	10.0	0.00012112403100775192
